v1.25,v1.25.10,144359
v1.25,v1.25.14,102690
v1.25,v1.25.15,52256
v1.25,v1.25.13,31226
v1.25,v1.25.16,56701
v1.25,v1.25.12,7676
v1.25,v1.25.11,2292
v1.25,v1.25.4,1505
v1.25,v1.25.6,786
v1.25,v1.25.8,920
v1.25,v1.25.3,284
v1.25,v1.25.7,711
v1.25,v1.25.5,363
v1.25,v1.25.0,334
v1.25,v1.25.2,193
v1.25,v1.25.9,322
v1.25,v1.25.1,109
v1.26,v1.26.6,133578
v1.26,v1.26.11,64385
v1.26,v1.26.9,64726
v1.26,v1.26.10,37514
v1.26,v1.26.8,14063
v1.26,v1.26.7,10501
v1.26,v1.26.5,10132
v1.26,v1.26.3,3204
v1.26,v1.26.2,903
v1.26,v1.26.0,777
v1.26,v1.26.4,1074
v1.26,v1.26.1,1055
v1.27,v1.27.5,86812
v1.27,v1.27.3,61520
v1.27,v1.27.7,126717
v1.27,v1.27.4,58078
v1.27,v1.27.8,63804
v1.27,v1.27.6,7250
v1.27,v1.27.0,880
v1.27,v1.27.2,1254
v1.27,v1.27.1,844
v1.24,v1.24.17,125500
v1.24,v1.24.16,67702
v1.24,v1.24.6,2696
v1.24,v1.24.8,1787
v1.24,v1.24.14,1772
v1.24,v1.24.15,1870
v1.24,v1.24.3,666
v1.24,v1.24.4,1042
v1.24,v1.24.0,599
v1.24,v1.24.10,727
v1.24,v1.24.7,343
v1.24,v1.24.13,522
v1.24,v1.24.12,744
v1.24,v1.24.2,335
v1.24,v1.24.9,605
v1.24,v1.24.11,370
v1.24,v1.24.1,257
v1.24,v1.24.5,141
v1.21,v1.21.14,76955
v1.21,v1.21.1,1047
v1.21,v1.21.5,600
v1.21,v1.21.0,389
v1.21,v1.21.6,323
v1.21,v1.21.7,228
v1.21,v1.21.11,313
v1.21,v1.21.13,195
v1.21,v1.21.3,157
v1.21,v1.21.8,191
v1.21,v1.21.2,150
v1.21,v1.21.12,90
v1.21,v1.21.4,90
v1.21,v1.21.10,62
v1.21,v1.21.9,64
v1.28,v1.28.3,63089
v1.28,v1.28.4,42702
v1.28,v1.28.2,4007
v1.28,v1.28.1,807
v1.28,v1.28.0,469
v1.23,v1.23.17,83329
v1.23,v1.23.14,1126
v1.23,v1.23.6,625
v1.23,v1.23.5,1001
v1.23,v1.23.3,524
v1.23,v1.23.12,593
v1.23,v1.23.10,551
v1.23,v1.23.16,485
v1.23,v1.23.7,310
v1.23,v1.23.0,275
v1.23,v1.23.4,281
v1.23,v1.23.1,236
v1.23,v1.23.9,201
v1.23,v1.23.8,214
v1.23,v1.23.15,168
v1.23,v1.23.13,180
v1.23,v1.23.2,49
v1.23,v1.23.11,12
v1.22,v1.22.17,38547
v1.22,v1.22.15,1430
v1.22,v1.22.3,989
v1.22,v1.22.5,1044
v1.22,v1.22.10,530
v1.22,v1.22.16,552
v1.22,v1.22.12,385
v1.22,v1.22.2,292
v1.22,v1.22.6,253
v1.22,v1.22.8,376
v1.22,v1.22.9,281
v1.22,v1.22.1,171
v1.22,v1.22.4,132
v1.22,v1.22.0,81
v1.22,v1.22.11,87
v1.22,v1.22.13,88
v1.22,v1.22.7,36
v1.19,v1.19.16,3970
v1.19,v1.19.15,175
v1.19,v1.19.3,113
v1.19,v1.19.13,123
v1.19,v1.19.4,93
v1.19,v1.19.9,91
v1.19,v1.19.7,83
v1.19,v1.19.8,105
v1.19,v1.19.12,106
v1.19,v1.19.2,57
v1.19,v1.19.0,139
v1.19,v1.19.5,40
v1.19,v1.19.10,21
v1.19,v1.19.6,19
v1.19,v1.19.14,25
v1.19,v1.19.11,10
v1.20,v1.20.15,2925
v1.20,v1.20.11,1823
v1.20,v1.20.6,1706
v1.20,v1.20.4,720
v1.20,v1.20.13,192
v1.20,v1.20.7,172
v1.20,v1.20.14,168
v1.20,v1.20.12,112
v1.20,v1.20.9,118
v1.20,v1.20.0,182
v1.20,v1.20.2,94
v1.20,v1.20.1,88
v1.20,v1.20.5,85
v1.20,v1.20.10,47
v1.20,v1.20.8,31
v1.18,v1.18.8,1269
v1.18,v1.18.4,1082
v1.18,v1.18.10,411
v1.18,v1.18.3,501
v1.18,v1.18.0,134
v1.18,v1.18.20,217
v1.18,v1.18.2,203
v1.18,v1.18.6,111
v1.18,v1.18.18,81
v1.18,v1.18.16,77
v1.18,v1.18.5,33
v1.18,v1.18.9,33
v1.18,v1.18.15,25
v1.18,v1.18.12,24
v1.18,v1.18.19,15
v1.18,v1.18.17,19
v1.16,v1.16.14,772
v1.16,v1.16.9,573
v1.16,v1.16.15,352
v1.16,v1.16.6,219
v1.16,v1.16.3,169
v1.16,v1.16.4,129
v1.16,v1.16.2,34
v1.16,v1.16.7,44
v1.16,v1.16.0,30
v1.16,v1.16.8,35
v1.16,v1.16.1,15
v1.16,v1.16.10,13
v1.16,v1.16.13,13
v1.16,v1.16.11,9
v1.29,v1.29.0,2332
v1.11,v1.11.0,407
v1.11,v1.11.5,23
v1.11,v1.11.2,16
v1.11,v1.11.6,9
v1.11,v1.11.10,7
v1.17,v1.17.8,359
v1.17,v1.17.17,164
v1.17,v1.17.9,61
v1.17,v1.17.3,58
v1.17,v1.17.4,37
v1.17,v1.17.2,21
v1.17,v1.17.7,18
v1.17,v1.17.0,17
v1.17,v1.17.1,17
v1.17,v1.17.6,17
v1.17,v1.17.5,15
v1.14,v1.14.8,754
v1.14,v1.14.10,146
v1.14,v1.14.1,38
v1.14,v1.14.6,59
v1.14,v1.14.2,17
v1.14,v1.14.0,15
v1.14,v1.14.3,39
v1.15,v1.15.5,141
v1.15,v1.15.12,115
v1.15,v1.15.3,46
v1.15,v1.15.9,63
v1.15,v1.15.2,35
v1.15,v1.15.0,28
v1.15,v1.15.1,9
v1.15,v1.15.6,7
v1.12,v1.12.6,140
v1.12,v1.12.3,25
v1.12,v1.12.4,30
v1.12,v1.12.10,35
v0.3,v0.3.6,134
v0.6,v0.6.2,99
v0.6,v0.6.4,71
v0.6,v0.6.3,60
v0.6,v0.6.1,54
v0.4,v0.4.2,87
v0.4,v0.4.1,22
v1.30,v1.30.0,195
v1.13,v1.13.12,45
v1.13,v1.13.1,43
v1.13,v1.13.2,42
v1.13,v1.13.4,39
v1.13,v1.13.5,17
v1.13,v1.13.3,8
v0.0,v0.0.0,57
v0.1,v0.1.9,36
v1.2,v1.2.0,31
v1.5,v1.5.2,22
v1.10,v1.10.5,29
v1.10,v1.10.0,19
v1.10,v1.10.2,9
v1.9,v1.9.1,21
v0.5,v0.5.0,17
v0.5,v0.5.2,12
v0.5,v0.5.1,9
v2.1,v2.1.0,17
v1.6,v1.6.1,13
v1.7,v1.7.6,13
v1.8,v1.8.3,11
